"","daytemp","Family","RGR","Population","PopulationI"
"1",-18.3093525179856,35,0.179989470038442,"N8",30
"2",-18.3093525179856,36,0.192392742327585,"N8",30
"3",-18.3093525179856,50,0.158232721636859,"N9",31
"4",-18.3093525179856,52,0.249333898420785,"N9",31
"5",-18.3093525179856,54,0.130039170357213,"N9",31
"6",-18.3093525179856,65,0.160358063604933,"N10",14
"7",-18.3093525179856,66,0.14122701504878,"N10",14
"8",-18.3093525179856,67,0.0974948732637125,"N10",14
"9",-18.3093525179856,81,0.25983537272114,"N12",15
"10",-18.3093525179856,82,0.251817901302529,"N12",15
"11",-18.3093525179856,84,0.338781791978593,"N12",15
"12",-18.3093525179856,137,0.252855353124502,"N16",16
"13",-18.3093525179856,139,0.282174401282729,"N16",16
"14",-18.3093525179856,140,0.168716328976423,"N16",16
"15",-18.3093525179856,147,0.27960979277748,"N18",17
"16",-18.3093525179856,148,0.139906605922224,"N18",17
"17",-18.3093525179856,153,0.256640617823542,"N19",18
"18",-18.3093525179856,154,0.094142969726208,"N19",18
"19",-18.3093525179856,156,0.207288508483292,"N20",19
"20",-18.3093525179856,158,0.249931245083525,"N20",19
"21",-18.3093525179856,159,0.127035370577487,"N20",19
"22",-18.3093525179856,161,0.202931521917976,"N21",20
"23",-18.3093525179856,164,0.113617916761807,"N21",20
"24",-18.3093525179856,165,0.11352692020928,"N21",20
"25",-18.3093525179856,168,0.18083611139033,"N22",21
"26",-18.3093525179856,169,0.0666722179131466,"N22",21
"27",-18.3093525179856,170,0.198746269421994,"N22",21
"28",-18.3093525179856,182,0.370864309150693,"N23",22
"29",-18.3093525179856,183,0.140193627206738,"N23",22
"30",-18.3093525179856,184,0.0826069777462107,"N23",22
"31",-18.3093525179856,191,0.217688934577372,"N24",23
"32",-18.3093525179856,192,0.0853923626551054,"N24",23
"33",-18.3093525179856,193,0.260641536184844,"N24",23
"34",-18.3093525179856,202,0.0819267721906109,"N26",24
"35",-18.3093525179856,205,0.212288333936051,"N26",24
"36",-18.3093525179856,206,0.115714853130192,"N26",24
"37",-18.3093525179856,212,0.12676337688344,"N27",25
"38",-18.3093525179856,216,0.190545925323604,"N27",25
"39",-18.3093525179856,221,0.0965273137890551,"N27",25
"40",-18.3093525179856,235,0.462066006934659,"N29",26
"41",-18.3093525179856,236,0.0403008761832028,"N29",26
"42",-18.3093525179856,237,0.056211950836928,"N29",26
"43",-18.3093525179856,245,0.320188333778311,"N30",27
"44",-18.3093525179856,247,0.133650050698632,"N30",27
"45",-18.3093525179856,249,0.317945078792082,"N30",27
"46",-18.3093525179856,251,0.205274192537629,"N31",28
"47",-18.3093525179856,252,0.229467816610216,"N31",28
"48",-18.3093525179856,253,0.333853894342532,"N31",28
"49",-18.3093525179856,256,0.144867921918394,"N32",29
"50",-18.3093525179856,258,0.324389775685162,"N32",29
"51",-18.3093525179856,259,0.335018153210296,"N32",29
"52",-18.3093525179856,260,0.211187411483536,"I1",1
"53",-18.3093525179856,263,0.0724927167781866,"I1",1
"54",-18.3093525179856,264,0.318619624659328,"I1",1
"55",-18.3093525179856,265,0.165663680753086,"I2",6
"56",-18.3093525179856,266,0.4192857862596,"I2",6
"57",-18.3093525179856,267,0.302574955761435,"I2",6
"58",-18.3093525179856,269,0.175791505490485,"I3",7
"59",-18.3093525179856,270,0.315144777834571,"I3",7
"60",-18.3093525179856,271,0.305129282718794,"I3",7
"61",-18.3093525179856,273,0.0923842549071469,"I3",7
"62",-18.3093525179856,274,0.13028205128669,"I4",8
"63",-18.3093525179856,275,0.17315202934322,"I4",8
"64",-18.3093525179856,277,0.154389875973576,"I4",8
"65",-18.3093525179856,278,0.0365873814163219,"I4",8
"66",-18.3093525179856,279,0.170587509288139,"I5",9
"67",-18.3093525179856,280,0.137461246493915,"I5",9
"68",-18.3093525179856,283,0.315836214435752,"I5",9
"69",-18.3093525179856,284,0.103772648597675,"I6",10
"70",-18.3093525179856,285,0.257674080364904,"I6",10
"71",-18.3093525179856,286,0.148474695386486,"I6",10
"72",-18.3093525179856,288,0.0850477767679819,"I6",10
"73",-18.3093525179856,289,0.171535648482102,"I7",11
"74",-18.3093525179856,290,0.0779298710724916,"I7",11
"75",-18.3093525179856,291,0.069211255047938,"I7",11
"76",-18.3093525179856,292,0.101456555804112,"I7",11
"77",-18.3093525179856,294,0.345563274660319,"I8",12
"78",-18.3093525179856,295,0.175967171794625,"I8",12
"79",-18.3093525179856,296,0.157265776256916,"I8",12
"80",-18.3093525179856,298,0.223694278885739,"I9",13
"81",-18.3093525179856,300,0.551873424350854,"I9",13
"82",-18.3093525179856,301,0.149418417977146,"I9",13
"83",-18.3093525179856,302,0.0647987342221462,"I10",2
"84",-18.3093525179856,305,0.110534029932854,"I10",2
"85",-18.3093525179856,306,0.175843776124707,"I10",2
"86",-18.3093525179856,308,0.124078621999739,"I11",3
"87",-18.3093525179856,309,0.209552960262106,"I11",3
"88",-18.3093525179856,310,0.163304816451176,"I11",3
"89",-18.3093525179856,311,0.137125427942943,"I11",3
"90",-18.3093525179856,312,0.0883530631135064,"I12",4
"91",-18.3093525179856,313,0.246404813620126,"I12",4
"92",-18.3093525179856,314,0.240494114348024,"I12",4
"93",-18.3093525179856,326,0.0957537330166667,"I16",5
"94",-8.30935251798561,35,0.635778808011241,"N8",30
"95",-8.30935251798561,36,0.677973124365767,"N8",30
"96",-8.30935251798561,50,0.795521188134692,"N9",31
"97",-8.30935251798561,52,0.628578134893725,"N9",31
"98",-8.30935251798561,54,0.962703563148262,"N9",31
"99",-8.30935251798561,65,1.90631652423919,"N10",14
"100",-8.30935251798561,66,1.5974266734608,"N10",14
"101",-8.30935251798561,67,1.37104865678544,"N10",14
"102",-8.30935251798561,81,1.94080583943448,"N12",15
"103",-8.30935251798561,82,1.25630430850706,"N12",15
"104",-8.30935251798561,84,2.58451271174888,"N12",15
"105",-8.30935251798561,137,0.257261682796826,"N16",16
"106",-8.30935251798561,139,0.739536538655959,"N16",16
"107",-8.30935251798561,140,0.530997652952645,"N16",16
"108",-8.30935251798561,147,2.01117863561316,"N18",17
"109",-8.30935251798561,148,0.371159800949323,"N18",17
"110",-8.30935251798561,153,1.04551457840663,"N19",18
"111",-8.30935251798561,154,0.695703531119572,"N19",18
"112",-8.30935251798561,156,1.03485886915958,"N20",19
"113",-8.30935251798561,158,0.622109509099219,"N20",19
"114",-8.30935251798561,159,1.26549658503442,"N20",19
"115",-8.30935251798561,161,1.02814735299889,"N21",20
"116",-8.30935251798561,164,2.62406831855204,"N21",20
"117",-8.30935251798561,165,1.07746267471888,"N21",20
"118",-8.30935251798561,168,0.786133353083468,"N22",21
"119",-8.30935251798561,169,0.88681396625357,"N22",21
"120",-8.30935251798561,170,0.502320389930252,"N22",21
"121",-8.30935251798561,182,0.35348443632912,"N23",22
"122",-8.30935251798561,183,0.732210686468075,"N23",22
"123",-8.30935251798561,184,0.926704639506804,"N23",22
"124",-8.30935251798561,191,0.65575621787682,"N24",23
"125",-8.30935251798561,192,0.650925739839833,"N24",23
"126",-8.30935251798561,193,0.351355012013883,"N24",23
"127",-8.30935251798561,202,1.65927016987595,"N26",24
"128",-8.30935251798561,205,0.937831654263267,"N26",24
"129",-8.30935251798561,206,0.461946802099954,"N26",24
"130",-8.30935251798561,212,0.633830016540589,"N27",25
"131",-8.30935251798561,216,2.07957337126635,"N27",25
"132",-8.30935251798561,221,1.11285806864587,"N27",25
"133",-8.30935251798561,235,1.12947984263448,"N29",26
"134",-8.30935251798561,236,1.35207236521068,"N29",26
"135",-8.30935251798561,237,1.45024810131248,"N29",26
"136",-8.30935251798561,245,0.299991236797191,"N30",27
"137",-8.30935251798561,247,0.598087909614399,"N30",27
"138",-8.30935251798561,249,0.541865562737226,"N30",27
"139",-8.30935251798561,251,2.13226354765597,"N31",28
"140",-8.30935251798561,252,0.56659306682363,"N31",28
"141",-8.30935251798561,253,0.831060931136392,"N31",28
"142",-8.30935251798561,256,0.683475004389043,"N32",29
"143",-8.30935251798561,258,1.10733841641594,"N32",29
"144",-8.30935251798561,259,0.767570862261213,"N32",29
"145",-8.30935251798561,260,0.846649997901054,"I1",1
"146",-8.30935251798561,263,1.27871930129901,"I1",1
"147",-8.30935251798561,264,1.04281751784448,"I1",1
"148",-8.30935251798561,265,0.417614179006757,"I2",6
"149",-8.30935251798561,266,0.584243471294952,"I2",6
"150",-8.30935251798561,267,0.974948732637125,"I2",6
"151",-8.30935251798561,269,0.274128957561947,"I3",7
"152",-8.30935251798561,270,1.21523398846548,"I3",7
"153",-8.30935251798561,271,0.580435026726424,"I3",7
"154",-8.30935251798561,273,0.753515582984215,"I3",7
"155",-8.30935251798561,274,1.20361391620485,"I4",8
"156",-8.30935251798561,275,1.24644066750192,"I4",8
"157",-8.30935251798561,277,1.11357684190429,"I4",8
"158",-8.30935251798561,278,1.76481310221201,"I4",8
"159",-8.30935251798561,279,1.02350491951759,"I5",9
"160",-8.30935251798561,280,1.50501033557991,"I5",9
"161",-8.30935251798561,283,1.29193425807886,"I5",9
"162",-8.30935251798561,284,0.954824523168548,"I6",10
"163",-8.30935251798561,285,2.40640324940075,"I6",10
"164",-8.30935251798561,286,0.839227799408838,"I6",10
"165",-8.30935251798561,288,0.47671404832788,"I6",10
"166",-8.30935251798561,289,1.51675161439812,"I7",11
"167",-8.30935251798561,290,0.588957907150103,"I7",11
"168",-8.30935251798561,291,1.52644773547972,"I7",11
"169",-8.30935251798561,292,0.653609910953837,"I7",11
"170",-8.30935251798561,294,0.696278640577399,"I8",12
"171",-8.30935251798561,295,0.611806638375346,"I8",12
"172",-8.30935251798561,296,0.551946782509082,"I8",12
"173",-8.30935251798561,298,0.841791852160015,"I9",13
"174",-8.30935251798561,300,0.473893702154263,"I9",13
"175",-8.30935251798561,301,1.0796663412052,"I9",13
"176",-8.30935251798561,302,1.12508602436677,"I10",2
"177",-8.30935251798561,305,1.27045105088642,"I10",2
"178",-8.30935251798561,306,0.586516474052173,"I10",2
"179",-8.30935251798561,308,0.568672442585115,"I11",3
"180",-8.30935251798561,309,1.41182598442874,"I11",3
"181",-8.30935251798561,310,1.11125528907941,"I11",3
"182",-8.30935251798561,311,0.895903226923399,"I11",3
"183",-8.30935251798561,312,1.78436018046076,"I12",4
"184",-8.30935251798561,313,1.15468866746646,"I12",4
"185",-8.30935251798561,314,0.566710791094716,"I12",4
"186",-8.30935251798561,326,1.52398639392786,"I16",5
"187",-3.30935251798561,35,1.4469956190103,"N8",30
"188",-3.30935251798561,36,1.27103237943993,"N8",30
"189",-3.30935251798561,50,1.87112514579757,"N9",31
"190",-3.30935251798561,52,0.962025387094767,"N9",31
"191",-3.30935251798561,54,0.835586101298474,"N9",31
"192",-3.30935251798561,65,3.51623991927386,"N10",14
"193",-3.30935251798561,66,3.18367249816963,"N10",14
"194",-3.30935251798561,67,1.83589927569769,"N10",14
"195",-3.30935251798561,81,1.13704569142542,"N12",15
"196",-3.30935251798561,82,1.83982260836361,"N12",15
"197",-3.30935251798561,84,0.82340867589103,"N12",15
"198",-3.30935251798561,137,2.96671395598632,"N16",16
"199",-3.30935251798561,139,1.88724741429954,"N16",16
"200",-3.30935251798561,140,0.745956997495589,"N16",16
"201",-3.30935251798561,147,2.12971062438728,"N18",17
"202",-3.30935251798561,148,1.43462358152162,"N18",17
"203",-3.30935251798561,153,3.0477869471882,"N19",18
"204",-3.30935251798561,154,4.65066270447468,"N19",18
"205",-3.30935251798561,156,0.737462228852412,"N20",19
"206",-3.30935251798561,158,1.55791430546918,"N20",19
"207",-3.30935251798561,159,2.29190514568899,"N20",19
"208",-3.30935251798561,161,1.0675116804938,"N21",20
"209",-3.30935251798561,164,0.832892667299741,"N21",20
"210",-3.30935251798561,165,2.66650960770986,"N21",20
"211",-3.30935251798561,168,2.77777138909799,"N22",21
"212",-3.30935251798561,169,1.8334343354179,"N22",21
"213",-3.30935251798561,170,1.37538518774769,"N22",21
"214",-3.30935251798561,182,0.892374320089977,"N23",22
"215",-3.30935251798561,183,1.39583763863697,"N23",22
"216",-3.30935251798561,184,1.23712209872725,"N23",22
"217",-3.30935251798561,191,0.936486282635529,"N24",23
"218",-3.30935251798561,192,1.82217332575085,"N24",23
"219",-3.30935251798561,193,1.42168110646279,"N24",23
"220",-3.30935251798561,202,3.12842852255479,"N26",24
"221",-3.30935251798561,205,1.44629560038902,"N26",24
"222",-3.30935251798561,206,1.20087968894321,"N26",24
"223",-3.30935251798561,212,1.19169791054137,"N27",25
"224",-3.30935251798561,216,1.28787582585453,"N27",25
"225",-3.30935251798561,221,1.90626064699896,"N27",25
"226",-3.30935251798561,235,0.465242498666659,"N29",26
"227",-3.30935251798561,236,2.30890436466266,"N29",26
"228",-3.30935251798561,237,1.54723970745023,"N29",26
"229",-3.30935251798561,245,1.47560433182104,"N30",27
"230",-3.30935251798561,247,0.888621804039566,"N30",27
"231",-3.30935251798561,249,2.30977555770915,"N30",27
"232",-3.30935251798561,251,2.79039762268481,"N31",28
"233",-3.30935251798561,252,0.579651713599937,"N31",28
"234",-3.30935251798561,253,2.80887447366624,"N31",28
"235",-3.30935251798561,256,3.39004350985517,"N32",29
"236",-3.30935251798561,258,2.07811830299526,"N32",29
"237",-3.30935251798561,259,1.81135908083958,"N32",29
"238",-3.30935251798561,260,1.03725896413833,"I1",1
"239",-3.30935251798561,263,1.24267879476365,"I1",1
"240",-3.30935251798561,264,1.77858867500598,"I1",1
"241",-3.30935251798561,265,2.45629094762433,"I2",6
"242",-3.30935251798561,266,2.38785487468469,"I2",6
"243",-3.30935251798561,267,1.88355999336864,"I2",6
"244",-3.30935251798561,269,2.03823485044204,"I3",7
"245",-3.30935251798561,270,2.00981299333352,"I3",7
"246",-3.30935251798561,271,1.67953503263496,"I3",7
"247",-3.30935251798561,273,2.46664366854154,"I3",7
"248",-3.30935251798561,274,1.64476734108802,"I4",8
"249",-3.30935251798561,275,1.47732169069971,"I4",8
"250",-3.30935251798561,277,3.24524265641914,"I4",8
"251",-3.30935251798561,278,1.04938974757534,"I4",8
"252",-3.30935251798561,279,4.6634392503661,"I5",9
"253",-3.30935251798561,280,0.833103468447781,"I5",9
"254",-3.30935251798561,283,1.56768218087648,"I5",9
"255",-3.30935251798561,284,1.70476290324964,"I6",10
"256",-3.30935251798561,285,2.85495280192564,"I6",10
"257",-3.30935251798561,286,1.70890964601088,"I6",10
"258",-3.30935251798561,288,4.04668053506239,"I6",10
"259",-3.30935251798561,289,0.880536312752811,"I7",11
"260",-3.30935251798561,290,1.1372148244291,"I7",11
"261",-3.30935251798561,291,0.56826325212454,"I7",11
"262",-3.30935251798561,292,0.937601906185301,"I7",11
"263",-3.30935251798561,294,0.768045384025462,"I8",12
"264",-3.30935251798561,295,0.328146437911465,"I8",12
"265",-3.30935251798561,296,1.15704399592645,"I8",12
"266",-3.30935251798561,298,1.64379560379487,"I9",13
"267",-3.30935251798561,300,1.66095096588382,"I9",13
"268",-3.30935251798561,301,2.78500620112183,"I9",13
"269",-3.30935251798561,302,2.78905520219484,"I10",2
"270",-3.30935251798561,305,1.59539406834442,"I10",2
"271",-3.30935251798561,306,0.86359190167402,"I10",2
"272",-3.30935251798561,308,2.87917976018143,"I11",3
"273",-3.30935251798561,309,2.04430906632302,"I11",3
"274",-3.30935251798561,310,5.89424650457231,"I11",3
"275",-3.30935251798561,311,0.755581469489531,"I11",3
"276",-3.30935251798561,312,2.41461537293199,"I12",4
"277",-3.30935251798561,313,2.58569663878128,"I12",4
"278",-3.30935251798561,314,1.69457908422933,"I12",4
"279",-3.30935251798561,326,1.55884687456514,"I16",5
"280",1.69064748201439,35,0.271128087911376,"N8",30
"281",1.69064748201439,36,1.06233454904109,"N8",30
"282",1.69064748201439,50,1.54601408182246,"N9",31
"283",1.69064748201439,52,1.91026626679194,"N9",31
"284",1.69064748201439,54,0.969875169171944,"N9",31
"285",1.69064748201439,65,3.4482477744716,"N10",14
"286",1.69064748201439,66,2.8186960071875,"N10",14
"287",1.69064748201439,67,1.54001775824756,"N10",14
"288",1.69064748201439,81,1.31115438049975,"N12",15
"289",1.69064748201439,82,1.6267695573951,"N12",15
"290",1.69064748201439,84,0.164357486347149,"N12",15
"291",1.69064748201439,137,1.88362790856274,"N16",16
"292",1.69064748201439,139,2.39272763181454,"N16",16
"293",1.69064748201439,140,1.74843568898266,"N16",16
"294",1.69064748201439,147,1.79216178548777,"N18",17
"295",1.69064748201439,148,3.10725596079188,"N18",17
"296",1.69064748201439,153,1.79280491948321,"N19",18
"297",1.69064748201439,154,2.81972812803553,"N19",18
"298",1.69064748201439,156,1.00416744465491,"N20",19
"299",1.69064748201439,158,1.47008155856765,"N20",19
"300",1.69064748201439,159,1.67194616643459,"N20",19
"301",1.69064748201439,161,1.1923879565608,"N21",20
"302",1.69064748201439,164,1.45774304551561,"N21",20
"303",1.69064748201439,165,1.74539348979325,"N21",20
"304",1.69064748201439,168,2.26780191762621,"N22",21
"305",1.69064748201439,169,1.18085346497586,"N22",21
"306",1.69064748201439,170,0.856625686024398,"N22",21
"307",1.69064748201439,182,0.893989404888707,"N23",22
"308",1.69064748201439,183,1.34371178842806,"N23",22
"309",1.69064748201439,184,1.55684577713896,"N23",22
"310",1.69064748201439,191,1.10813578166811,"N24",23
"311",1.69064748201439,192,1.41235252005305,"N24",23
"312",1.69064748201439,193,1.51883039170171,"N24",23
"313",1.69064748201439,202,0.990106654352065,"N26",24
"314",1.69064748201439,205,2.03557274041574,"N26",24
"315",1.69064748201439,206,2.96999368291222,"N26",24
"316",1.69064748201439,212,1.00102456671397,"N27",25
"317",1.69064748201439,216,1.64100042363626,"N27",25
"318",1.69064748201439,221,1.71861590404201,"N27",25
"319",1.69064748201439,235,2.45490219263613,"N29",26
"320",1.69064748201439,236,3.56323668749433,"N29",26
"321",1.69064748201439,237,3.5650434717618,"N29",26
"322",1.69064748201439,245,1.82698285694482,"N30",27
"323",1.69064748201439,247,1.30590111492295,"N30",27
"324",1.69064748201439,249,2.41874204383113,"N30",27
"325",1.69064748201439,251,0.685091085342572,"N31",28
"326",1.69064748201439,252,1.4720956583245,"N31",28
"327",1.69064748201439,253,0.744947781621736,"N31",28
"328",1.69064748201439,256,3.1113997054053,"N32",29
"329",1.69064748201439,258,0.441661961382741,"N32",29
"330",1.69064748201439,259,1.7540894649133,"N32",29
"331",1.69064748201439,260,2.33504152711481,"I1",1
"332",1.69064748201439,263,1.87538181608018,"I1",1
"333",1.69064748201439,264,2.2027685948934,"I1",1
"334",1.69064748201439,265,2.0170927667501,"I2",6
"335",1.69064748201439,266,0.448346004353657,"I2",6
"336",1.69064748201439,267,1.49522442350384,"I2",6
"337",1.69064748201439,269,4.27156089185509,"I3",7
"338",1.69064748201439,270,1.753480056129,"I3",7
"339",1.69064748201439,271,1.62224045556782,"I3",7
"340",1.69064748201439,273,1.66967832953887,"I3",7
"341",1.69064748201439,274,0.843413077731112,"I4",8
"342",1.69064748201439,275,1.07040804106226,"I4",8
"343",1.69064748201439,277,2.44092782128846,"I4",8
"344",1.69064748201439,278,0.681045446211891,"I4",8
"345",1.69064748201439,279,0.730956765517009,"I5",9
"346",1.69064748201439,280,2.89417086832895,"I5",9
"347",1.69064748201439,283,2.15295228103706,"I5",9
"348",1.69064748201439,284,1.42532846946729,"I6",10
"349",1.69064748201439,285,2.09054881342335,"I6",10
"350",1.69064748201439,286,2.26588460254728,"I6",10
"351",1.69064748201439,288,1.29581553651562,"I6",10
"352",1.69064748201439,289,2.1400940787919,"I7",11
"353",1.69064748201439,290,1.83315353221149,"I7",11
"354",1.69064748201439,291,3.16769805800463,"I7",11
"355",1.69064748201439,292,0.804713699846877,"I7",11
"356",1.69064748201439,294,1.91854867790041,"I8",12
"357",1.69064748201439,295,1.35351915110907,"I8",12
"358",1.69064748201439,298,1.6496345966657,"I9",13
"359",1.69064748201439,300,1.08568026413077,"I9",13
"360",1.69064748201439,301,1.51179140115978,"I9",13
"361",1.69064748201439,302,1.26328614351917,"I10",2
"362",1.69064748201439,305,0.573829549864595,"I10",2
"363",1.69064748201439,306,1.20592844387152,"I10",2
"364",1.69064748201439,308,0.769372945987868,"I11",3
"365",1.69064748201439,309,0.902167094293448,"I11",3
"366",1.69064748201439,310,1.71092425375466,"I11",3
"367",1.69064748201439,311,1.09655673033203,"I11",3
"368",1.69064748201439,312,1.77490270315701,"I12",4
"369",1.69064748201439,313,1.45018263191287,"I12",4
"370",1.69064748201439,314,1.74684761558801,"I12",4
"371",1.69064748201439,326,1.4171187574484,"I16",5
"372",11.6906474820144,35,1.0737452113517,"N8",30
"373",11.6906474820144,36,2.12236855956745,"N8",30
"374",11.6906474820144,50,0.850750141466381,"N9",31
"375",11.6906474820144,52,0.880153995368785,"N9",31
"376",11.6906474820144,54,0.665721934842385,"N9",31
"377",11.6906474820144,65,1.48196711379596,"N10",14
"378",11.6906474820144,66,1.80876238473103,"N10",14
"379",11.6906474820144,67,1.01404609822675,"N10",14
"380",11.6906474820144,81,0.606076148764537,"N12",15
"381",11.6906474820144,82,0.15610616070964,"N12",15
"382",11.6906474820144,84,1.1707962053223,"N12",15
"383",11.6906474820144,137,0.146163684997776,"N16",16
"384",11.6906474820144,139,0.970569187891621,"N16",16
"385",11.6906474820144,140,0.926725461990559,"N16",16
"386",11.6906474820144,147,1.60349549621693,"N18",17
"387",11.6906474820144,148,1.18438580413407,"N18",17
"388",11.6906474820144,153,1.20141421693689,"N19",18
"389",11.6906474820144,154,0.885111509894884,"N19",18
"390",11.6906474820144,156,0.614955045673318,"N20",19
"391",11.6906474820144,158,1.05156789324184,"N20",19
"392",11.6906474820144,159,0.882433436233656,"N20",19
"393",11.6906474820144,161,0.435380669084452,"N21",20
"394",11.6906474820144,164,0.5433586910559,"N21",20
"395",11.6906474820144,165,1.35627948693471,"N21",20
"396",11.6906474820144,168,0.38979754745409,"N22",21
"397",11.6906474820144,169,0.911623814954939,"N22",21
"398",11.6906474820144,170,0.48571398959086,"N22",21
"399",11.6906474820144,182,1.52611661428957,"N23",22
"400",11.6906474820144,183,1.48660307649476,"N23",22
"401",11.6906474820144,184,0.318399732950642,"N23",22
"402",11.6906474820144,191,0.440532547285625,"N24",23
"403",11.6906474820144,192,0.673906635130803,"N24",23
"404",11.6906474820144,193,1.09607277026039,"N24",23
"405",11.6906474820144,202,1.15425562008685,"N26",24
"406",11.6906474820144,205,1.00712367457826,"N26",24
"407",11.6906474820144,206,0.782879339456311,"N26",24
"408",11.6906474820144,212,0.783932351480327,"N27",25
"409",11.6906474820144,216,1.94158979967988,"N27",25
"410",11.6906474820144,221,1.62576070805717,"N27",25
"411",11.6906474820144,235,2.04646935060735,"N29",26
"412",11.6906474820144,236,0.735089915841629,"N29",26
"413",11.6906474820144,237,0.913176380766175,"N29",26
"414",11.6906474820144,245,0.264406501528758,"N30",27
"415",11.6906474820144,247,1.05301452004614,"N30",27
"416",11.6906474820144,249,0.907055400862494,"N30",27
"417",11.6906474820144,251,0.88953617625656,"N31",28
"418",11.6906474820144,252,0.939041428318343,"N31",28
"419",11.6906474820144,253,1.72502470682431,"N31",28
"420",11.6906474820144,256,0.742384561269525,"N32",29
"421",11.6906474820144,258,0.924048836284572,"N32",29
"422",11.6906474820144,259,0.956305101569469,"N32",29
"423",11.6906474820144,260,0.739512402871099,"I1",1
"424",11.6906474820144,263,1.18955234676558,"I1",1
"425",11.6906474820144,264,1.78598767834513,"I1",1
"426",11.6906474820144,265,1.05909128098195,"I2",6
"427",11.6906474820144,266,0.228474702999402,"I2",6
"428",11.6906474820144,267,0.831616245967926,"I2",6
"429",11.6906474820144,269,1.77227237908457,"I3",7
"430",11.6906474820144,270,0.571560878387246,"I3",7
"431",11.6906474820144,271,0.619833368883644,"I3",7
"432",11.6906474820144,273,2.08172521057438,"I3",7
"433",11.6906474820144,274,2.97448312833646,"I4",8
"434",11.6906474820144,275,1.48113291259724,"I4",8
"435",11.6906474820144,277,4.36933481593881,"I4",8
"436",11.6906474820144,278,2.58896446989921,"I4",8
"437",11.6906474820144,279,1.0819909149186,"I5",9
"438",11.6906474820144,280,1.74153470226538,"I5",9
"439",11.6906474820144,283,1.22639385058512,"I5",9
"440",11.6906474820144,284,0.813227145988496,"I6",10
"441",11.6906474820144,285,0.75143232376882,"I6",10
"442",11.6906474820144,286,2.26277033442421,"I6",10
"443",11.6906474820144,288,1.21632716886261,"I6",10
"444",11.6906474820144,289,0.690520156264018,"I7",11
"445",11.6906474820144,290,1.98266340482375,"I7",11
"446",11.6906474820144,291,0.405945708095378,"I7",11
"447",11.6906474820144,292,0.7592816304502,"I7",11
"448",11.6906474820144,294,0.921687194730418,"I8",12
"449",11.6906474820144,295,0.704507068218327,"I8",12
"450",11.6906474820144,298,1.36405694475717,"I9",13
"451",11.6906474820144,300,2.32240790529609,"I9",13
"452",11.6906474820144,301,1.16705637764792,"I9",13
"453",11.6906474820144,302,1.16960151531686,"I10",2
"454",11.6906474820144,305,0.719417814808846,"I10",2
"455",11.6906474820144,306,0.832813318998635,"I10",2
"456",11.6906474820144,308,0.575925441668284,"I11",3
"457",11.6906474820144,309,2.02859384024738,"I11",3
"458",11.6906474820144,310,0.419496590101425,"I11",3
"459",11.6906474820144,311,0.729929621796431,"I11",3
"460",11.6906474820144,312,1.23973520752789,"I12",4
"461",11.6906474820144,313,1.31959690530908,"I12",4
"462",11.6906474820144,314,1.251697668985,"I12",4
"463",11.6906474820144,326,1.51958339965143,"I16",5
"464",16.6906474820144,35,0.0854203353883105,"N8",30
"465",16.6906474820144,36,0.375648386188453,"N8",30
"466",16.6906474820144,50,0.374908105076055,"N9",31
"467",16.6906474820144,52,0.538890683826862,"N9",31
"468",16.6906474820144,54,0.0323233004925975,"N9",31
"469",16.6906474820144,65,0.981182357346363,"N10",14
"470",16.6906474820144,66,0.282438983332689,"N10",14
"471",16.6906474820144,67,0.264450486004185,"N10",14
"472",16.6906474820144,81,0.0709760626275538,"N12",15
"473",16.6906474820144,82,0.0759002726222607,"N12",15
"474",16.6906474820144,84,0.0193677849894297,"N12",15
"475",16.6906474820144,137,0.00851769726094263,"N16",16
"476",16.6906474820144,139,0.189513115715615,"N16",16
"477",16.6906474820144,140,0.00186973842313376,"N16",16
"478",16.6906474820144,147,0.0674436821573188,"N18",17
"479",16.6906474820144,148,0.120733649873165,"N18",17
"480",16.6906474820144,153,0.203480380870649,"N19",18
"481",16.6906474820144,154,0.0255530917828279,"N19",18
"482",16.6906474820144,156,0.150851217327712,"N20",19
"483",16.6906474820144,158,0.0595160618739283,"N20",19
"484",16.6906474820144,159,0.115835379076802,"N20",19
"485",16.6906474820144,161,0.0134750113943087,"N21",20
"486",16.6906474820144,164,0.0168650405766664,"N21",20
"487",16.6906474820144,165,0,"N21",20
"488",16.6906474820144,168,0.0958240941856047,"N22",21
"489",16.6906474820144,169,0.0219026500995668,"N22",21
"490",16.6906474820144,170,0,"N22",21
"491",16.6906474820144,182,0.201832391617988,"N23",22
"492",16.6906474820144,183,0.016665059858366,"N23",22
"493",16.6906474820144,184,0,"N23",22
"494",16.6906474820144,191,0.0331808803747168,"N24",23
"495",16.6906474820144,192,0.104037587972942,"N24",23
"496",16.6906474820144,193,0.0117937346689975,"N24",23
"497",16.6906474820144,202,0.160834810905991,"N26",24
"498",16.6906474820144,205,0.116585981259152,"N26",24
"499",16.6906474820144,206,0.0529645902407706,"N26",24
"500",16.6906474820144,212,0.0326909808809215,"N27",25
"501",16.6906474820144,216,0.0921746880208447,"N27",25
"502",16.6906474820144,221,0.0951632383636346,"N27",25
"503",16.6906474820144,235,0.0724004267180123,"N29",26
"504",16.6906474820144,236,0.0570737653661577,"N29",26
"505",16.6906474820144,237,0.0255530917828279,"N29",26
"506",16.6906474820144,245,0.102633571940919,"N30",27
"507",16.6906474820144,247,0.132530022450029,"N30",27
"508",16.6906474820144,249,0.330178445849578,"N30",27
"509",16.6906474820144,251,0.39080283866384,"N31",28
"510",16.6906474820144,252,0.294707144518296,"N31",28
"511",16.6906474820144,253,0.269937994338217,"N31",28
"512",16.6906474820144,256,0.127691981710938,"N32",29
"513",16.6906474820144,258,0.377760592922913,"N32",29
"514",16.6906474820144,259,0.103836971026987,"N32",29
"515",16.6906474820144,260,0.0554556459967755,"I1",1
"516",16.6906474820144,263,0.300839341073461,"I1",1
"517",16.6906474820144,264,0,"I1",1
"518",16.6906474820144,265,0.178134534062983,"I2",6
"519",16.6906474820144,266,0.0243949838219102,"I2",6
"520",16.6906474820144,267,0,"I2",6
"521",16.6906474820144,269,0.203454310187507,"I3",7
"522",16.6906474820144,270,0.0666718967181216,"I3",7
"523",16.6906474820144,271,0.105697745364547,"I3",7
"524",16.6906474820144,273,0.077915984780426,"I3",7
"525",16.6906474820144,274,0.998975576403966,"I4",8
"526",16.6906474820144,275,0.0975663504435248,"I4",8
"527",16.6906474820144,277,0.159633731274874,"I4",8
"528",16.6906474820144,278,0.176548634135902,"I4",8
"529",16.6906474820144,279,0.414368631844775,"I5",9
"530",16.6906474820144,280,0.160274507764057,"I5",9
"531",16.6906474820144,283,0.109978573938877,"I5",9
"532",16.6906474820144,284,0,"I6",10
"533",16.6906474820144,285,0.497300517535482,"I6",10
"534",16.6906474820144,286,0.382922199232689,"I6",10
"535",16.6906474820144,288,0.417741253841568,"I6",10
"536",16.6906474820144,289,0.0511061835656558,"I7",11
"537",16.6906474820144,290,0.167042639465496,"I7",11
"538",16.6906474820144,291,0.184031053868761,"I7",11
"539",16.6906474820144,292,0.0595305446664821,"I7",11
"540",16.6906474820144,294,0.344770435685297,"I8",12
"541",16.6906474820144,295,0.117263203544573,"I8",12
"542",16.6906474820144,296,0.289031143419163,"I8",12
"543",16.6906474820144,298,0.00127765458914139,"I9",13
"544",16.6906474820144,300,0.0919911304181803,"I9",13
"545",16.6906474820144,301,0.254309695187865,"I9",13
"546",16.6906474820144,302,0.2616037707954,"I10",2
"547",16.6906474820144,305,0.282966075612585,"I10",2
"548",16.6906474820144,306,0.00605204805382766,"I10",2
"549",16.6906474820144,308,0.102889149089769,"I11",3
"550",16.6906474820144,309,0.0441053365018674,"I11",3
"551",16.6906474820144,310,0.116942972982589,"I11",3
"552",16.6906474820144,311,0.289335325984376,"I11",3
"553",16.6906474820144,312,0.10573693151515,"I12",4
"554",16.6906474820144,313,0.0394569799587784,"I12",4
"555",16.6906474820144,314,0.118807110281414,"I12",4
"556",16.6906474820144,326,0.136504395064977,"I16",5
